{
    "Process": [
        "DY",
        "WJets",
        "VV",
        "VVV",
        "SingleTop",
        "ttXorXX",
        "tzq",
        "TT"
    ],
    "xs": {
        "DY": {
            "DYnlo": 6077.22
        },
        "WJets": {
            "WJets": 61526.7
        },
        "VV": {
            "WZ": 5.2293,
            "ssWW": 0.04932,
            "WWdps": 1.62,
            "ZG_ew": 0.1097,
            "osWW": 11.09,
            "ZZ": 0.0086
        },
        "VVV": {
            "WWW": 0.2086,
            "WWZ": 0.1707,
            "WZZ": 0.05709,
            "ZZZ": 0.01476
        },
        "SingleTop": {
            "t_tch": 136.02,
            "tbar_tch": 80.95,
            "tsch": 3.36,
            "tW": 35.85,
            "tbarW": 35.85
        },
        "ttXorXX": {
            "ttWtoLNu": 0.1792,
            "ttWtoQQ": 0.3708,
            "ttZ": 0.2589,
            "ttZtoQQ": 0.6012,
            "ttH": 0.5269,
            "ttWW": 0.007003,
            "ttWZ": 0.002453,
            "ttZZ": 0.001386,
            "ttWH": 0.00114,
            "ttZH": 0.00113,
            "tttJ": 0.0004,
            "tttW": 0.00073,
            "tttt": 0.0082
        },
        "tzq": {
            "tzq": 0.07561
        },
        "TT": {
            "TTTo2L": 88.3419,
            "TTTo1L": 365.4574
        },
        "lumi": 59740.0
    },
    "NumberOfEvents": {
        "DY": {
            "DYnlo": 131572454.0
        },
        "WJets": {
            "WJets": 81051269.0
        },
        "VV": {
            "osWW": 15679000.0,
            "ZZ": 3976536.0,
            "ssWW": 149368.0,
            "ZG_ew": 286250.0,
            "WWdps": 481600.0,
            "WZ": 7940000.0
        },
        "VVV": {
            "WWW": 216852.0,
            "WWZ": 224734.0,
            "WZZ": 271866.0,
            "ZZZ": 222716.0
        },
        "SingleTop": {
            "tsch": 12607741.0,
            "tW": 11269836.0,
            "tbarW": 4653838.0,
            "t_tch": 5608872.0,
            "tbar_tch": 3716322.0
        },
        "ttXorXX": {
            "ttWtoLNu": 5666428.0,
            "ttWtoQQ": 872376.0,
            "ttZ": 5787042.0,
            "ttZtoQQ": 4993106.0,
            "ttH": 7176599.0,
            "ttWW": 944000.0,
            "ttWZ": 498000.0,
            "ttZZ": 9651834.0,
            "ttWH": 497000.0,
            "ttZH": 500000.0,
            "tttJ": 500000.0,
            "tttW": 494000.0,
            "tttt": 5710232.0
        },
        "tzq": {
            "tzq": 3229640.0
        },
        "TT": {
            "TTTo1L": 472557630.0,
            "TTTo2L": 143848848.0
        }
    }
}