{
    "Process": [
        "DY",
        "WJets",
        "VV",
        "VVV",
        "SingleTop",
        "ttXorXX",
        "tzq",
        "TT"
    ],
    "xs": {
        "DY": {
            "DYnlo": 6077.22
        },
        "WJets": {
            "WJets": 61526.7
        },
        "VV": {
            "WZ_ew": 0.0163,
            "WZ_qcd": 5.213,
            "osWW": 11.09,
            "ssWW": 0.04932,
            "WWdps": 1.62,
            "ZZ": 0.0086,
            "ZG_ew": 0.1097
        },
        "VVV": {
            "WWW": 0.2086,
            "WWZ": 0.1707,
            "WZZ": 0.05709,
            "ZZZ": 0.01476
        },
        "SingleTop": {
            "tW": 35.85,
            "tbarW": 35.85,
            "tsch": 3.36,
            "t_tch": 136.02,
            "tbar_tch": 80.95
        },
        "ttXorXX": {
            "ttWtoLNu": 0.1792,
            "ttWtoQQ": 0.3708,
            "ttZ": 0.2589,
            "ttZtoQQ": 0.6012,
            "ttH": 0.5269,
            "ttWW": 0.007003,
            "ttWZ": 0.002453,
            "ttZZ": 0.001386,
            "ttWH": 0.00114,
            "ttZH": 0.00113,
            "tttJ": 0.0004,
            "tttW": 0.00073,
            "tttt": 0.0082
        },
        "tzq": {
            "tzq": 0.07561
        },
        "TT": {
            "TTTo2L": 88.3419,
            "TTTo1L": 365.4574
        },
        "lumi": 41480.0
    },
    "NumberOfEvents": {
        "DY": {
            "DYnlo": 113680737.0
        },
        "WJets": {
            "WJets": 78307186.0
        },
        "VV": {
            "osWW": 6808356.0,
            "ssWW": 148394.0,
            "WWdps": 500000.0,
            "ZZ": 28459096.0,
            "ZG_ew": 497844.0,
            "WZ_ew": 943940.0,
            "WZ_qcd": 6826898.0
        },
        "VVV": {
            "WWW": 9087470.0,
            "WWZ": 161398.0,
            "WZZ": 270316.0,
            "ZZZ": 6537306.0
        },
        "SingleTop": {
            "tsch": 12065418.0,
            "t_tch": 5441886.0,
            "tbar_tch": 3675084.0,
            "tW": 10041489.0,
            "tbarW": 2918132.0
        },
        "ttXorXX": {
            "ttWtoLNu": 3871055.0,
            "ttWtoQQ": 359006.0,
            "ttZ": 6911466.0,
            "ttZtoQQ": 2918824.0,
            "ttH": 4965389.0,
            "ttWW": 698000.0,
            "ttWZ": 350000.0,
            "ttZZ": 327000.0,
            "ttWH": 360000.0,
            "ttZH": 350000.0,
            "tttJ": 354000.0,
            "tttW": 360000.0,
            "tttt": 4526556.0
        },
        "tzq": {
            "tzq": 2578040.0
        },
        "TT": {
            "TTTo1L": 340877010.0,
            "TTTo2L": 105859990.0
        }
    }
}