{
    "Process": [
        "DY",
        "WJets",
        "VV",
        "VVV",
        "SingleTop",
        "ttXorXX",
        "tzq",
        "TT"
    ],
    "xs": {
        "DY": {
            "DYnlo": 6077.22
        },
        "WJets": {
            "WJets": 61526.7
        },
        "VV": {
            "ww": 11.09,
            "wz_qcd": 5.213,
            "zz2l": 0.0086
        },
        "VVV": {
            "www1": 0.2086,
            "wwz1": 0.1707,
            "wzz1": 0.05709,
            "zzz1": 0.01476
        },
        "SingleTop": {
            "tW": 35.85,
            "tbarW": 35.85,
            "t_sch": 3.36,
            "t_tch": 136.02,
            "tbar_tch": 80.95
        },
        "ttXorXX": {
            "ttH": 0.5638,
            "ttW": 0.1792,
            "ttWToQQ": 0.3708,
            "ttZ": 0.2589,
            "ttZToQQ": 0.6012,
            "ttWW": 0.007003,
            "ttWZ": 0.002453,
            "ttZZ": 0.001386
        },
        "tzq": {
            "tZq": 0.07561
        },
        "TT": {
            "TTTo2L2Nu": 88.29,
            "TTTo1L": 365.34
        },
        "lumi": 19520
    },
    "NumberOfEvents": {
        "DY": {
            "DYnlo": 61192713.0
        },
        "WJets": {
            "WJets": 74686199.0
        },
        "VV": {
            "ww": 3006596.0,
            "wz_qcd": 6355769.0,
            "zz2l": 16826232.0
        },
        "VVV": {
            "www1": 64296.0,
            "wwz1": 73734.0,
            "wzz1": 145164.0,
            "zzz1": 71860.0
        },
        "SingleTop": {
            "t_sch": 3592772.0,
            "t_tch": 56665890.0,
            "tbar_tch": 24546678.0,
            "tW": 1379450.0,
            "tbarW": 1404259.0
        },
        "ttXorXX": {
            "ttW": 1543290.0,
            "ttWToQQ": 148842.0,
            "ttZ": 2856626.0,
            "ttZToQQ": 1459398.0,
            "ttH": 1936276.0,
            "ttWW": 278000.0,
            "ttWZ": 140000.0,
            "ttZZ": 140000.0
        },
        "tzq": {
            "tZq": 1006530.0
        },
        "TT": {
            "TTTo2L2Nu": 37202074.0,
            "TTTo1L": 131106830.0
        }
    }
}