{
    "Process": [
        "DY",
        "WJets",
        "VV",
        "VVV",
        "SingleTop",
        "ttXorXX",
        "tzq",
        "TT"
    ],
    "xs": {
        "DY": {
            "DYnlo": 6077.22
        },
        "WJets": {
            "WJets": 61526.7
        },
        "VV": {
            "ww": 11.09,
            "wz_qcd": 5.213,
            "zz2l": 0.0086
        },
        "VVV": {
            "www1": 0.2086,
            "wwz1": 0.1707,
            "wzz1": 0.05709,
            "zzz1": 0.01476
        },
        "SingleTop": {
            "tW": 35.85,
            "tbarW": 35.85,
            "t_sch": 3.36,
            "t_tch": 136.02,
            "tbar_tch": 80.95
        },
        "ttXorXX": {
            "ttH": 0.5638,
            "ttW": 0.1792,
            "ttWToQQ": 0.3708,
            "ttZ": 0.2589,
            "ttZToQQ": 0.6012,
            "ttWW": 0.007003,
            "ttWZ": 0.002453,
            "ttZZ": 0.001386
        },
        "tzq": {
            "tZq": 0.07561
        },
        "TT": {
            "TTTo2L2Nu": 88.29,
            "TTTo1L": 365.34
        },
        "lumi": 16810
    },
    "NumberOfEvents": {
        "DY": {
            "DYnlo": 45747300.0
        },
        "WJets": {
            "WJets": 79896815.0
        },
        "VV": {
            "ww": 2888924.0,
            "wz_qcd": 6890010.0,
            "zz2l": 10165410.0
        },
        "VVV": {
            "www1": 62442.0,
            "wwz1": 61060.0,
            "wzz1": 124388.0,
            "zzz1": 64358.0
        },
        "SingleTop": {
            "t_sch": 3562866.0,
            "t_tch": 55461204.0,
            "tbar_tch": 29233704.0,
            "tW": 1485541.0,
            "tbarW": 1472288.0
        },
        "ttXorXX": {
            "ttW": 1800823.0,
            "ttWToQQ": 168951.0,
            "ttZ": 2962856.0,
            "ttZToQQ": 1526774.0,
            "ttH": 2194702.0,
            "ttWW": 309000.0,
            "ttWZ": 159000.0,
            "ttZZ": 152000.0
        },
        "tzq": {
            "tZq": 1073860.0
        },
        "TT": {
            "TTTo2L2Nu": 41805170.0,
            "TTTo1L": 143553998.0
        }
    }
}