{
    "MET": 0.6717981303886599,
    "DoubleElectron": 0.6480154490805315,
    "DoubleMuon": 0.6515503326992926,
    "ElectronMuon": 0.6495972365807005
}