{
    "MET": 0.9350637561673679,
    "DoubleElectron": 0.9579522014149767,
    "DoubleMuon": 0.9567986975214711,
    "ElectronMuon": 0.9567094012105802
}
